STATE,COUNTY,MONTH,DAY,YEAR,HOUR,MINUTE,VE_FORMS,PERSONS,NHS,ROAD_FNC,ROUTE,SP_JUR,HARM_EV,MAN_COLL,REL_JUNC,REL_ROAD,TRAF_FLO,NO_LANES,SP_LIMIT,ALIGNMNT,PROFILE,PAVE_TYP,SUR_COND,TRA_CONT,T_CONT_F,HIT_RUN,LGT_COND,WEATHER,C_M_ZONE,NOT_HOUR,NOT_MIN,ARR_HOUR,ARR_MIN,HOSP_HR,HOSP_MN,SCH_BUS,CF1,CF2,CF3,FATALS,DAY_WEEK,DRUNK_DR,ST_CASE,MILEPT,CITY,TWAY_ID,RAIL,PEDS
6,17,4,27,94,16,30,1,1,1,3,3,0,42,0,1,4,1,2,55,2,2,2,1,0,0,0,1,1,0,99,99,99,99,99,99,0,0,0,0,1,4,0,61118,137,0,49,0000000,0
6,71,4,27,94,20,29,1,2,1,13,3,0,8,0,2,1,2,2,45,1,1,2,2,0,0,0,3,2,0,99,99,99,99,99,99,0,0,0,0,1,4,0,61119,24,4000,66,0000000,1